{"Language":"Nederlands","BibleBooks":{"BibleBookData":{"Genesis":{"EnglishName":"Genesis","TranslatedName":"Genesis","RegexParts":["Genesis","Gen",""]},"Exodus":{"EnglishName":"Exodus","TranslatedName":"Exodus","RegexParts":["Exodus","Ex",""]},"Leviticus":{"EnglishName":"Leviticus","TranslatedName":"Leviticus","RegexParts":["Leviticus","Lev",""]},"Numbers":{"EnglishName":"Numbers","TranslatedName":"Numeri","RegexParts":["Numeri","Num",""]},"Deuteronomy":{"EnglishName":"Deuteronomy","TranslatedName":"Deuteronomium","RegexParts":["Deuteronomium","Deut",""]},"Joshua":{"EnglishName":"Joshua","TranslatedName":"Jozua","RegexParts":["Jozua","Joz",""]},"Judges":{"EnglishName":"Judges","TranslatedName":"Rechters","RegexParts":["Rechters","Richteren",""]},"Ruth":{"EnglishName":"Ruth","TranslatedName":"Ruth","RegexParts":["Ruth","Rut",""]},"1 Samuel":{"EnglishName":"1 Samuel","TranslatedName":"1 Samuel","RegexParts":["1 Samuel","1 Sam",""]},"2 Samuel":{"EnglishName":"2 Samuel","TranslatedName":"2 Samuel","RegexParts":["2 Samuel","2 Sam",""]},"1 Kings":{"EnglishName":"1 Kings","TranslatedName":"1 Koningen","RegexParts":["1 Koningen","1 Kon",""]},"2 Kings":{"EnglishName":"2 Kings","TranslatedName":"2 Koningen","RegexParts":["2 Koningen","2 Kon",""]},"1 Chronicles":{"EnglishName":"1 Chronicles","TranslatedName":"1 Kronieken","RegexParts":["1 Kronieken","1 Kron",""]},"2 Chronicles":{"EnglishName":"2 Chronicles","TranslatedName":"2 Kronieken","RegexParts":["2 Kronieken","2 Kron",""]},"Ezra":{"EnglishName":"Ezra","TranslatedName":"Ezra","RegexParts":["Ezra","Ez",""]},"Nehemiah":{"EnglishName":"Nehemiah","TranslatedName":"Nehemia","RegexParts":["Nehemia","Neh",""]},"Esther":{"EnglishName":"Esther","TranslatedName":"Ester","RegexParts":["Ester","Est",""]},"Job":{"EnglishName":"Job","TranslatedName":"Job","RegexParts":["Job",""]},"Psalms":{"EnglishName":"Psalms","TranslatedName":"Psalmen","RegexParts":["Psalmen","Ps",""]},"Proverbs":{"EnglishName":"Proverbs","TranslatedName":"Spreuken","RegexParts":["Spreuken","Spr",""]},"Ecclesiastes":{"EnglishName":"Ecclesiastes","TranslatedName":"Prediker","RegexParts":["Prediker","Pred",""]},"Song of Songs":{"EnglishName":"Song of Songs","TranslatedName":"Hooglied","RegexParts":["Hooglied",""]},"Isaiah":{"EnglishName":"Isaiah","TranslatedName":"Jesaja","RegexParts":["Jesaja",""]},"Jeremiah":{"EnglishName":"Jeremiah","TranslatedName":"Jeremia","RegexParts":["Jeremia",""]},"Lamentations":{"EnglishName":"Lamentations","TranslatedName":"Klaagliederen","RegexParts":["Klaagliederen",""]},"Ezekiel":{"EnglishName":"Ezekiel","TranslatedName":"Ezechiel","RegexParts":["Ezechiel",""]},"Daniel":{"EnglishName":"Daniel","TranslatedName":"Dani\u00EBl","RegexParts":["Dani\u00EBl",""]},"Hosea":{"EnglishName":"Hosea","TranslatedName":"Hosea","RegexParts":["Hosea",""]},"Joel":{"EnglishName":"Joel","TranslatedName":"Jo\u00EBl","RegexParts":["Jo\u00EBl",""]},"Amos":{"EnglishName":"Amos","TranslatedName":"Amos","RegexParts":["Amos",""]},"Obadiah":{"EnglishName":"Obadiah","TranslatedName":"Obadja","RegexParts":["Obadja",""]},"Jonah":{"EnglishName":"Jonah","TranslatedName":"Jona","RegexParts":["Jona",""]},"Micah":{"EnglishName":"Micah","TranslatedName":"Micha","RegexParts":["Micha",""]},"Nahum":{"EnglishName":"Nahum","TranslatedName":"Nahum","RegexParts":["Nahum",""]},"Habakkuk":{"EnglishName":"Habakkuk","TranslatedName":"Habakuk","RegexParts":["Habakuk",""]},"Zephaniah":{"EnglishName":"Zephaniah","TranslatedName":"Sefanja","RegexParts":["Sefanja",""]},"Haggai":{"EnglishName":"Haggai","TranslatedName":null,"RegexParts":["",""]},"Zechariah":{"EnglishName":"Zechariah","TranslatedName":null,"RegexParts":["",""]},"Malachi":{"EnglishName":"Malachi","TranslatedName":null,"RegexParts":["",""]},"Matthew":{"EnglishName":"Matthew","TranslatedName":null,"RegexParts":["",""]},"Mark":{"EnglishName":"Mark","TranslatedName":null,"RegexParts":["",""]},"Luke":{"EnglishName":"Luke","TranslatedName":null,"RegexParts":["",""]},"John":{"EnglishName":"John","TranslatedName":null,"RegexParts":["",""]},"Acts":{"EnglishName":"Acts","TranslatedName":null,"RegexParts":["",""]},"Romans":{"EnglishName":"Romans","TranslatedName":null,"RegexParts":["",""]},"1 Corinthians":{"EnglishName":"1 Corinthians","TranslatedName":null,"RegexParts":["",""]},"2 Corinthians":{"EnglishName":"2 Corinthians","TranslatedName":null,"RegexParts":["",""]},"Galatians":{"EnglishName":"Galatians","TranslatedName":null,"RegexParts":["",""]},"Ephesians":{"EnglishName":"Ephesians","TranslatedName":null,"RegexParts":["",""]},"Philippians":{"EnglishName":"Philippians","TranslatedName":null,"RegexParts":["",""]},"Colossians":{"EnglishName":"Colossians","TranslatedName":null,"RegexParts":["",""]},"1 Thessalonians":{"EnglishName":"1 Thessalonians","TranslatedName":null,"RegexParts":["",""]},"2 Thessalonians":{"EnglishName":"2 Thessalonians","TranslatedName":null,"RegexParts":["",""]},"1 Timothy":{"EnglishName":"1 Timothy","TranslatedName":null,"RegexParts":["",""]},"2 Timothy":{"EnglishName":"2 Timothy","TranslatedName":null,"RegexParts":["",""]},"Titus":{"EnglishName":"Titus","TranslatedName":null,"RegexParts":["",""]},"Philemon":{"EnglishName":"Philemon","TranslatedName":null,"RegexParts":["",""]},"Hebrews":{"EnglishName":"Hebrews","TranslatedName":null,"RegexParts":["",""]},"James":{"EnglishName":"James","TranslatedName":null,"RegexParts":["",""]},"1 Peter":{"EnglishName":"1 Peter","TranslatedName":null,"RegexParts":["",""]},"2 Peter":{"EnglishName":"2 Peter","TranslatedName":null,"RegexParts":["",""]},"1 John":{"EnglishName":"1 John","TranslatedName":null,"RegexParts":["",""]},"2 John":{"EnglishName":"2 John","TranslatedName":null,"RegexParts":["",""]},"3 John":{"EnglishName":"3 John","TranslatedName":null,"RegexParts":["",""]},"Jude":{"EnglishName":"Jude","TranslatedName":null,"RegexParts":["",""]},"Revelation":{"EnglishName":"Revelation","TranslatedName":null,"RegexParts":["",""]}}},"LoadingStatus":"Laden...","NoResultStatus":"Resultaat","ErrorCodeStatus":"Fout code","ReadMoreStatus":"Lees meer","WordsForVerse":["Vers","vs","v",""],"VerseSelectionWords":["tot","tot en met",""],"ChapterVerseSeparator":[":",""],"VerseVerseSeparator":["-",""]}